"Country Group Code","Country Group","Country Code","Country","M49 Code","ISO2 Code","ISO3 Code"
"5200","Americas","680","Americas, unspecified","293","F680","F680"
"5200","Americas","258","Anguilla","660","AI","AIA"
"5200","Americas","8","Antigua and Barbuda","028","AG","ATG"
"5200","Americas","9","Argentina","032","AR","ARG"
"5200","Americas","22","Aruba","533","AW","ABW"
"5200","Americas","12","Bahamas","044","BS","BHS"
"5200","Americas","14","Barbados","052","BB","BRB"
"5200","Americas","23","Belize","084","BZ","BLZ"
"5200","Americas","17","Bermuda","060","BM","BMU"
"5200","Americas","19","Bolivia (Plurinational State of)","068","BO","BOL"
"5200","Americas","278","Bonaire, Sint Eustatius and Saba","535","F278","BES"
"5200","Americas","31","Bouvet Island","074","BV","BVT"
"5200","Americas","21","Brazil","076","BR","BRA"
"5200","Americas","239","British Virgin Islands","092","VG","VGB"
"5200","Americas","33","Canada","124","CA","CAN"
"5200","Americas","531","Caribbean, unspecified","130","F531","F531"
"5200","Americas","609","Caribbean, unspecified (population)","029.01","F609","F609"
"5200","Americas","36","Cayman Islands","136","KY","CYM"
"5200","Americas","530","Central America, unspecified","141","F530","F530"
"5200","Americas","40","Chile","152","CL","CHL"
"5200","Americas","44","Colombia","170","CO","COL"
"5200","Americas","48","Costa Rica","188","CR","CRI"
"5200","Americas","49","Cuba","192","CU","CUB"
"5200","Americas","279","Curaçao","531","F279","CUW"
"5200","Americas","55","Dominica","212","DM","DMA"
"5200","Americas","56","Dominican Republic","214","DO","DOM"
"5200","Americas","58","Ecuador","218","EC","ECU"
"5200","Americas","60","El Salvador","222","SV","SLV"
"5200","Americas","65","Falkland Islands (Malvinas)","238","FK","FLK"
"5200","Americas","69","French Guiana","254","GF","GUF"
"5200","Americas","85","Greenland","304","GL","GRL"
"5200","Americas","86","Grenada","308","GD","GRD"
"5200","Americas","87","Guadeloupe","312","GP","GLP"
"5200","Americas","89","Guatemala","320","GT","GTM"
"5200","Americas","91","Guyana","328","GY","GUY"
"5200","Americas","93","Haiti","332","HT","HTI"
"5200","Americas","95","Honduras","340","HN","HND"
"5200","Americas","109","Jamaica","388","JM","JAM"
"5200","Americas","135","Martinique","474","MQ","MTQ"
"5200","Americas","138","Mexico","484","MX","MEX"
"5200","Americas","142","Montserrat","500","MS","MSR"
"5200","Americas","151","Netherlands Antilles (former)","530","AN","ANT"
"5200","Americas","157","Nicaragua","558","NI","NIC"
"5200","Americas","622","Northern America, unspecified (population)","021.01","F622","F622"
"5200","Americas","166","Panama","591","PA","PAN"
"5200","Americas","169","Paraguay","600","PY","PRY"
"5200","Americas","170","Peru","604","PE","PER"
"5200","Americas","177","Puerto Rico","630","PR","PRI"
"5200","Americas","282","Saint Barthélemy","652","F282","BLM"
"5200","Americas","188","Saint Kitts and Nevis","659","KN","KNA"
"5200","Americas","189","Saint Lucia","662","LC","LCA"
"5200","Americas","281","Saint Martin (French part)","663","F281","MAF"
"5200","Americas","190","Saint Pierre and Miquelon","666","PM","SPM"
"5200","Americas","191","Saint Vincent and the Grenadines","670","VC","VCT"
"5200","Americas","280","Sint Maarten (Dutch part)","534","F280","SXM"
"5200","Americas","614","South America, unspecified","283","F614","F614"
"5200","Americas","271","South Georgia and the South Sandwich Islands","239","GS","SGS"
"5200","Americas","207","Suriname","740","SR","SUR"
"5200","Americas","220","Trinidad and Tobago","780","TT","TTO"
"5200","Americas","224","Turks and Caicos Islands","796","TC","TCA"
"5200","Americas","231","United States of America","840","US","USA"
"5200","Americas","240","United States Virgin Islands","850","VI","VIR"
"5200","Americas","234","Uruguay","858","UY","URY"
"5200","Americas","236","Venezuela (Bolivarian Republic of)","862","VE","VEN"
"5204","Central America","23","Belize","084","BZ","BLZ"
"5204","Central America","530","Central America, unspecified","141","F530","F530"
"5204","Central America","48","Costa Rica","188","CR","CRI"
"5204","Central America","60","El Salvador","222","SV","SLV"
"5204","Central America","89","Guatemala","320","GT","GTM"
"5204","Central America","95","Honduras","340","HN","HND"
"5204","Central America","138","Mexico","484","MX","MEX"
"5204","Central America","157","Nicaragua","558","NI","NIC"
"5204","Central America","166","Panama","591","PA","PAN"
"5400","Europe","284","Åland Islands","248","F284","ALA"
"5400","Europe","3","Albania","008","AL","ALB"
"5400","Europe","6","Andorra","020","AD","AND"
"5400","Europe","11","Austria","040","AT","AUT"
"5400","Europe","57","Belarus","112","BY","BLR"
"5400","Europe","255","Belgium","056","BE","BEL"
"5400","Europe","15","Belgium-Luxembourg","058","F15","F15"
"5400","Europe","80","Bosnia and Herzegovina","070","BA","BIH"
"5400","Europe","27","Bulgaria","100","BG","BGR"
"5400","Europe","259","Channel Islands","830","F259","CHA"
"5400","Europe","98","Croatia","191","HR","HRV"
"5400","Europe","167","Czechia","203","CZ","CZE"
"5400","Europe","51","Czechoslovakia","200","F51","F51"
"5400","Europe","54","Denmark","208","DK","DNK"
"5400","Europe","63","Estonia","233","EE","EST"
"5400","Europe","611","Europe, unspecified","568","F611","F611"
"5400","Europe","64","Faroe Islands","234","FO","FRO"
"5400","Europe","67","Finland","246","FI","FIN"
"5400","Europe","68","France","250","FR","FRA"
"5400","Europe","79","Germany","276","DE","DEU"
"5400","Europe","78","Germany Fr","280","F78","F78"
"5400","Europe","77","Germany Nl","278","F77","F77"
"5400","Europe","82","Gibraltar","292","GI","GIB"
"5400","Europe","84","Greece","300","GR","GRC"
"5400","Europe","274","Guernsey","831","F274","GGY"
"5400","Europe","94","Holy See","336","VA","VAT"
"5400","Europe","97","Hungary","348","HU","HUN"
"5400","Europe","99","Iceland","352","IS","ISL"
"5400","Europe","104","Ireland","372","IE","IRL"
"5400","Europe","264","Isle of Man","833","IM","IMN"
"5400","Europe","106","Italy","380","IT","ITA"
"5400","Europe","283","Jersey","832","F283","JEY"
"5400","Europe","275","Kosovo (Serbia)","412","F275","F275"
"5400","Europe","119","Latvia","428","LV","LVA"
"5400","Europe","125","Liechtenstein","438","LI","LIE"
"5400","Europe","126","Lithuania","440","LT","LTU"
"5400","Europe","256","Luxembourg","442","LU","LUX"
"5400","Europe","134","Malta","470","MT","MLT"
"5400","Europe","140","Monaco","492","MC","MCO"
"5400","Europe","273","Montenegro","499","ME","MNE"
"5400","Europe","150","Netherlands (Kingdom of the)","528","NL","NLD"
"5400","Europe","154","North Macedonia","807","MK","MKD"
"5400","Europe","619","Northern Europe, unspecified (population)","154.01","F619","F619"
"5400","Europe","162","Norway","578","NO","NOR"
"5400","Europe","173","Poland","616","PL","POL"
"5400","Europe","174","Portugal","620","PT","PRT"
"5400","Europe","146","Republic of Moldova","498","MD","MDA"
"5400","Europe","183","Romania","642","RO","ROU"
"5400","Europe","185","Russian Federation","643","RU","RUS"
"5400","Europe","192","San Marino","674","SM","SMR"
"5400","Europe","285","Sark","680","F285","F285"
"5400","Europe","272","Serbia","688","RS","SRB"
"5400","Europe","186","Serbia and Montenegro","891","CS","SCG"
"5400","Europe","199","Slovakia","703","SK","SVK"
"5400","Europe","198","Slovenia","705","SI","SVN"
"5400","Europe","620","Southern Europe, unspecified","715","F620","F620"
"5400","Europe","203","Spain","724","ES","ESP"
"5400","Europe","260","Svalbard and Jan Mayen Islands","744","SJ","SJM"
"5400","Europe","210","Sweden","752","SE","SWE"
"5400","Europe","211","Switzerland","756","CH","CHE"
"5400","Europe","230","Ukraine","804","UA","UKR"
"5400","Europe","229","United Kingdom of Great Britain and Northern Ireland","826","GB","GBR"
"5400","Europe","228","USSR","810","F228","F228"
"5400","Europe","621","Western Europe, unspecified (population)","155.01","F621","F621"
"5400","Europe","248","Yugoslav SFR","890","F248","F248"